{
	"id": "your-environment-id",
	"name": "Message API Environment",
	"values": [
		{
			"key": "base_url",
			"value": "http://localhost:8000/api/v1",
			"type": "default",
			"enabled": true
		},
		{
			"key": "jwt_token",
			"value": "YOUR_JWT_TOKEN",
			"type": "secret",
			"enabled": true
		},
		{
			"key": "partner_id",
			"value": "123",
			"type": "default",
			"enabled": true
		},
		{
			"key": "partner_type",
			"value": "member",
			"type": "default",
			"enabled": true
		},
		{
			"key": "receiver_id",
			"value": "123",
			"type": "default",
			"enabled": true
		},
		{
			"key": "receiver_type",
			"value": "member",
			"type": "default",
			"enabled": true
		},
		{
			"key": "message",
			"value": "Hello, this is a test message",
			"type": "default",
			"enabled": true
		}
	],
	"_postman_variable_scope": "environment",
	"_postman_exported_at": "2024-03-14T12:00:00.000Z",
	"_postman_exported_using": "Postman/10.0.0"
} 